AAPL,MSFT,GOOG,AMZN
NaN,NaN,NaN,NaN
-0.009722141151073282,-0.012451747613279829,-0.004907274548951679,-0.012139030209715296
0.007968251379136593,0.002584896791819613,0.02465724095617916,0.014885571978823231
-0.004703024891479224,-0.009117858699924986,-0.0006240523038544277,0.002091619085542451
0.016086369248487387,0.015928302502466574,0.007880388132114113,-0.0078086381211281974
0.02124097746490272,0.012493068088325732,0.011044462328623217,0.004799177424615442
0.00226049966668751,-0.004627023533364305,0.006972707902034525,-0.009410599603600134
0.021364472621563824,0.012024251791764584,0.0066445828711947375,0.0043225749587685325
-0.013503308831250282,-0.007042981302662676,-0.005801754943914217,-0.011558208395110237
-0.004285409215860958,0.0064761744706332,0.005814603681854491,-0.00396912444368358
0.012526417359586484,0.018323366206103753,0.00868538088779025,0.008549908347921242
0.011071013021748621,0.005596674077710473,0.019763064266212993,-0.007039660254119062
-0.0067769407042913565,-0.003590711407253866,0.0027087456317760328,0.014629520785962358
0.0035696649938354863,-0.0048048989068743,0.001044192925839571,-0.0023995455052757686
0.004815692793351811,0.006155860896507992,0.000471025263689695,-0.0015259131157649986
-0.0028820416543047234,-0.01007673652196961,-0.013412626243404668,-0.012172420896854219
-0.02940511661174061,-0.01672319111615661,-0.02236983361251388,-0.017887464623799865
0.02828910912831395,0.019595938289463044,0.013013431899016936,0.01362435870789902
0.020932465116278998,0.015592446647158864,0.004178898060772651,0.0025631081087409413
-0.0014490958806983034,0.028207909034064338,-0.0019127948041878229,0.006824488550603025
-0.044338734417151415,-0.01475875364371837,-0.01484363666336963,0.07379135096728517
-0.0027460680355735345,0.024378695348294066,0.03605411862660479,-0.002250169329229723
0.03301348585356756,0.032916805795801585,-0.026158486594014096,0.02268734679859641
0.008154218120374424,-0.00122155080119013,0.0008016060038562589,-0.004781238048685688
0.011697283735928155,0.020733736345684317,0.019333973461866938,0.005078725605063061
-0.013592976464138817,0.0014158025548647313,0.0020322171743938355,0.014169142413362756
0.004749732899476555,0.026157207414587713,0.019908952092400733,0.026273576226585327
-0.006033524538294643,-0.02257575984064597,7.292467780906087e-5,0.007915028996114293
0.02374787472708695,0.001463979828649764,0.006283167389539601,0.004277468809024798
-0.007121145932603601,-0.005413935318352658,-0.0023776535761795836,-0.004689814814814786
0.0002463946691828589,0.008927312426024958,0.004014115273021979,-0.006977166061203688
-0.018310583440590222,0.010142889564849433,-0.0007036705536644927,0.009742991376524124
0.014482739912124787,0.0029991010257128803,0.00461948987923666,0.006749650857973188
-0.01025894327583976,-0.015271194833872737,-0.005593826948739,-0.007888628657212071
-0.02263498904840089,-0.03161273165278189,-0.02176333008249076,-0.026533825893212848
-0.047500640024167984,-0.04311533910267762,-0.04277128235926919,-0.04135555375315492
-0.03387191010233792,-0.016501936974087306,-0.023311883829005176,-0.01819049515002813
0.01586359103045587,0.01249481947147646,0.003406618842499043,0.003472317654913404
-0.06536827243787313,-0.07045917467903273,-0.05389819207416946,-0.048136270641900625
-0.0005848435845592359,0.02421305600441359,0.016114164460051983,-0.0002918431371583541
0.09310064467285128,0.0665390652162472,0.03716782327235002,0.037266112806901175
-0.03175928666918448,-0.04791936291330334,-0.03435284561634,-0.02300981042483563
0.046384668994796874,0.03671521137974909,0.03364408360616489,0.035013226522787155
-0.03243709322867816,-0.025095293713337297,-0.04866851101569458,-0.02621679096751406
-0.013280177398332982,-0.028267273445661267,-0.015640176993563126,-0.011922922199757768
-0.07909189638689285,-0.06777259042398531,-0.06380884115775942,-0.05285383815139222
0.07202156113832348,0.06838409146361313,0.05333345947546819,0.05065506576871037
-0.03473043294798894,-0.04530224977459585,-0.05075017688750816,-0.0375088950055853
-0.09875480919408985,-0.09483811949887244,-0.0826881628421684,-0.07922081960415195
0.11980848900746865,0.14216885847535266,0.09401657701548238,0.0646483335933421
-0.12864707228439098,-0.14739010866218716,-0.11100819033720577,-0.053697512605041964
0.04397005111988794,0.08233615665774052,0.03271149987017785,0.07026612450994141
-0.02447996571259936,-0.0420957691367847,-0.02053941701948847,0.012257744319358777
-0.007662141896159436,0.01645289835643604,0.016858132749817623,0.027830612021858103
-0.0634854361694841,-0.03755844093027427,-0.038528077899021795,-0.018522794378070584
-0.021244295454619144,-0.009974875726836863,-0.014641151621882398,0.030735284760828208
0.10032545738508092,0.09089580660585383,0.07366884833395448,0.0195865627599614
-0.005508736876056353,-0.009572480755417834,-0.02818080849038307,-0.02796760047320035
0.052622968770230205,0.06255094452556831,0.0537510907128409,0.03693312264030868
-0.041402141667675085,-0.041060728535945334,-0.04393375359814922,-0.02832539216923402
0.028537900498725843,0.0703406013938428,0.032510736375831684,0.03360354824283607
-0.0020407982828669624,-0.015727306253231932,0.013942885544374839,-0.007245622195155232
-0.05261700112892742,-0.03550827648357968,-0.04918260161475396,-0.021551792052192154
0.01668664809550635,0.020708582830975653,0.01376606840563932,0.005834208610699498
-0.014371473084915265,-0.009210175374667395,-0.020484618678847988,-0.006378887267321942
0.08723756087463808,0.07436773968191024,0.08110175827773958,0.047729224379215784
-0.01158247679016966,-0.010770226916835934,-0.00034544871860875404,0.007013461150551681
0.025594914630531873,0.010031103067388747,0.020033543754372163,0.01560946479201708
0.007215943651416978,6.059024763138687e-5,0.00096668539511513,-0.00011749387924631094
0.019627787535870578,0.0022403529767391905,0.0050435430283888305,0.06173507411541235
0.050503223902297334,0.04948372120386901,0.042437335077937455,0.052769443611727196
-0.009127332420759249,-0.010477834986211243,-0.0053260167290725136,0.010668701715046636
0.007945545150409572,0.03002077447584961,0.0007920821755433849,0.043554538491787254
-0.013568766094477769,0.008811697097367066,0.015655266844483817,-0.013782135130533724
-0.020756744049814535,-0.019820894677797796,-0.012967013846624131,0.007835755789473708
-0.030910465319846425,-0.041357318484748995,-0.03968863218548313,-0.027360331126970006
0.028803796740827003,0.033964873186345335,0.038533616611578836,0.015192533291970012
-0.003875415471368049,-0.012102195819822192,0.010370373888743734,0.01521482214860237
0.028869655732747912,0.018259268090765612,0.002350557540113485,0.004488511801004069
0.0007068665401137597,-0.002864552349641447,-0.002681148431576408,-0.014197865519365638
-0.016209639489333294,-0.024360717645758867,-0.03308306475660816,-0.02606061382001823
0.03284520214600928,0.044873525679283155,0.08738964512032066,0.025336167715270586
0.02109626795104491,0.010032279020096624,0.005352327519709155,0.04268957508822524
-0.01609932667515057,-0.025891502458610827,-0.02079837795735584,-0.07597409238417363
0.014148788509781518,0.024460176348553464,0.004687136862900232,0.013101240343979192
0.015008843831178842,0.01073562164593489,0.01832228027267302,0.0007815146006675544
0.010317325302468205,0.009847372606005989,-0.0028198741964681195,0.014436146470240274
0.010344906554749178,0.00580702998207383,0.018748608884394224,0.006953692676991974
0.023801643199873768,0.00588232020037327,0.011518695328982087,0.005068385375392115
0.01573521825539026,0.0111545944521394,0.010724791918949927,0.012350746654710143
-0.011428211458546222,-0.022651939209745175,-0.019611461322592838,-0.021606418138806593
-0.012074211593342099,-0.015122460128305204,-0.019196998595795822,0.004654320043978144
0.00614358248917779,0.0043394207873386215,0.005039597504533422,0.008838921624415574
-0.005912147057270167,0.014568278710608284,0.012579870104789004,0.008761546570815515
0.023561458753799336,0.00955438127375996,0.007828472389108665,0.006838848473119663
-0.005778679052971136,-0.006922303582681089,-0.007554532820129967,0.009508420053632394
0.019448272394680943,0.013870816399574881,0.024197585680151734,0.019846276490683268
-0.007455742261460618,-0.012011173251886276,-0.0027866242434403388,-0.020496928977551288
0.006438428963123188,0.00043590773021673357,0.005432064519989455,-0.004029819335602758
-0.006773319395282473,-0.010571359587224327,0.004679371836509905,-0.006163618952699901
0.004356721796049845,0.001321641908870852,0.0005786792163462451,-0.004736037512721003
0.0004403250996014574,-0.0022551341484220444,-0.000782824600316756,-0.003854156349352933
-0.0009741814020428619,0.010198533615269012,0.00860427862459967,0.017187955520386433
0.012298025633890264,-0.0022919438009511017,0.0020295608155749267,0.01173861454243208
0.0046295662170006135,0.011376642846671503,0.005168191315883641,0.0005543981391737951
0.005504890783440519,0.002433497801691775,-0.0019732772192336823,0.002422729259489609
-0.008612030789664216,-0.013163415974691617,-0.016847895403723223,-0.007182044983570779
0.028480879307851925,0.023398160212693142,0.018559970845643203,0.009103495156494334
0.0059124187463885924,0.006196603041068061,0.005714666934151014,0.016536455633725966
0.031578008195624285,0.007644982930263611,0.006601655086074354,0.030427136507995778
0.02572757663062375,0.037091427982256064,0.006654543548161529,0.017913298046902115
-0.04801042838408254,-0.05369817527121479,-0.042303126146476244,-0.0338023008374444
0.008633542096747382,0.00789161916041814,0.00665312276821961,-0.005058749822700603
0.012367163438295137,0.006391855154216808,0.004719894339853203,0.010868315462104983
0.02650216325053889,0.024505345270495305,0.01610736345388597,0.01655472853472495
-0.0013916250508819727,0.0034612468333319324,0.005822307701499607,0.009830663454842625
0.0003981414743059464,0.010708194751601896,-0.010447144274767117,0.00492248346969637
-0.005714612320883661,-0.005959564053770738,-0.0029527007557048623,0.007923940349062963
0.026163799034241375,0.027773401451116397,0.014067038444207425,0.014508281778138121
0.021344805129978717,0.006681120378221772,0.008644015025029539,0.0186417014529352
-0.017652100471571175,-0.020157571747667746,-0.02215218506369876,-0.01085587120376974
0.013275626268616447,0.012636425140498675,0.00653637967821763,0.0073800686996776665
-0.03072573446613447,-0.020015957444750043,-0.0564963625678051,-0.022402761294926687
0.023046598933141427,0.01074714192648174,0.025788571551353723,-0.004638152066968715
0.00834761283408203,0.025549253767204405,0.013362280767139856,0.029264485541553364
-0.0018914389527474595,0.005847448129336241,0.017282051897315354,0.04345339138269533
0.0,0.007620918370990326,0.018539136602597983,0.004029603696523942
0.026750152316943998,0.021526168030129522,0.021164784308530304,0.0576895551166976
-0.003102855988736941,-0.01162773364252856,-0.007033509017395967,-0.018619369762274185
0.023290139343058236,0.021992630886280118,0.007285311923727278,0.026995580716682843
0.0043002896376898025,0.007000914522717228,0.010020012967111747,0.032949191244692644
0.0017492456067940143,-0.0030327337972189117,0.020350869297612872,0.005457750351124835
-0.0046131011696919355,-0.0308888271350235,-0.01971794257703474,-0.030000018750000024
0.016548443825651127,0.006181470161495062,0.006113753277042111,-0.006443299093620514
0.006877257037242623,-0.0014878741298849363,-0.004564047989109921,-0.024361219669803202
-0.01230494947871108,-0.019804016825820225,0.002880513238028959,-0.0029811989813026685
-0.0020204394798569725,-0.005099864596727843,-0.0016140447532531077,-0.012643755213298746
0.021074078143939357,0.042981123719825653,0.0331035879042505,0.0792952014806092
-0.01380164794288552,-0.013468918485617376,-0.0046624554328057455,-0.018314899035137833
0.0028093078600788246,0.014371310494923906,0.006461698552680195,-0.012229627847342717
-0.04551641127117567,-0.04349471820935502,-0.03366936352797911,-0.036568803846362075
-0.0024773050029924804,-0.00612221928545309,-0.002513710117453938,0.007486879559939652
0.023700364380820682,0.012667666291909851,0.01212411152080839,0.015387645769069813
-0.01642770490312606,-0.00897717299706835,-0.019513840817831918,-0.017962778571198545
0.019168463643085554,0.010097950089612118,0.014450058372103891,0.011065469833834163
0.01210009950029467,-0.000784061934719138,0.006195766315705731,0.00604903206560059
0.104688731911178,0.005443736953419487,-0.031662789339180764,0.03696082560103897
0.025197599300825768,0.05624123793425451,-0.005738509235373446,-0.016680966796553287
0.0066781401940454455,-0.015008722165749333,-0.006429610692550547,0.008657118454149959
0.0036247492695307137,-0.0016410409680155391,0.0058977182835575626,0.021090642323294384
0.0348891810772487,0.01601390439099548,0.017976276924085877,0.006230862308024054
-0.022735779873107376,-0.017887692534280242,-0.003739670838197706,-0.017841854263565993
0.014534788822771372,-0.01990759044484891,0.0010772503900093877,-0.006093185037265192
-0.029739874909041175,-0.02338547556433368,-0.010547436668672083,-0.02143799484657727
0.033234288360179276,0.028567284907883295,0.017766456141462106,0.02647805305564299
0.017697530063003786,-0.0023425690003998634,0.007852013011216963,-0.0003858340922889836
-0.0008911878258707207,0.0009585307839410362,-0.007059883340776563,-0.0041125587346032555
-0.0026106831530237073,0.0066059008507604045,0.006798366025682068,0.010924314261508306
0.008332731369878665,0.005754235881277658,0.02675921878393095,0.04087466442648591
0.0012546137864344331,-0.0060669304222594755,-0.007102489413576385,-0.015701143627932845
0.02218967631556401,0.023271439228411017,0.022112643162485623,0.011314272606312459
0.05153236376197334,-0.007270002365991957,-0.0008408155311315779,-0.0038364393440832867
0.011960280675397783,0.0031452067949604423,0.004922741806722586,0.0069230196508933695
-0.008203683127082195,0.01300942220878154,0.012605452078808588,0.011800547781073423
0.013598980328226373,0.02161966127433823,0.02745892872397082,0.028495565200965522
-0.011954286022367033,0.024553538221560922,-0.010923685438324782,-0.012159152851862531
-0.001619961839218531,0.010283359381098256,0.006167640637663618,0.000529388235294137
0.03391214367586248,-0.014765593367920382,-0.006221039992010624,0.014451220282232002
0.03983258310315829,0.007715210037069431,0.01623444173836419,0.013955478731588311
-0.0207184351850197,0.019272142919413593,0.04068742887078414,0.009239471955444944
-0.08006077481948737,-0.06194698689851441,-0.05001502013545234,-0.04628411123714371
0.0006617647736013588,-0.014035876148672188,-0.03094090663130733,-0.021787358258457012
-0.06729495533071594,-0.05409563427634079,-0.03686271779810135,-0.04394436304136373
0.03988662251982622,0.04258368041193439,0.016033790562895778,0.03770662541064618
-0.03264594460572379,-0.028018479936965157,-0.016018420511766496,-0.028605450723223624
-0.013128848679977767,-0.006524805451302851,-0.007375817740651547,-0.018547314139234272
0.029999995662550516,0.006763856896717879,-0.0009469987526827817,-0.004251984639980999
0.0015604290000637011,0.016406096689030703,0.01458588336261446,0.0171319994529886
-0.02951354971719411,-0.01786563861190993,-0.013325215555911485,-0.024723341090702622
-0.015963722480332176,-0.010436430302122712,-0.016680926206349533,-0.022536668870645316
-0.031720048806171075,-0.012419382671276846,-0.02376416482842214,-0.01788790702532539
0.03032571932425676,0.010729030085365299,-0.01974667057975299,0.0018816140043629304
0.015715847124959215,0.02409410824907754,0.0239666288041398,0.05692335377101165
-0.041946263724481625,-0.03292842043740385,-0.034289641438607354,-0.04126889052941829
0.0102690395410161,0.012961842402210655,0.009242430713249039,0.00664368354906375
0.037516161858916375,0.02278652018661842,0.011671355747279177,0.024948741138307806
0.023868748877554413,0.007795190238732319,0.01353666518745622,0.02549811478031616
-0.007567813851811156,-0.010408588196470614,0.0032843662984285427,-0.00919012623739468
0.015075890500238165,0.014812214090463183,0.0001838116717660654,0.0012241484338197939
0.008462169906203965,0.010126899691791369,0.01394254161911257,0.02303475471852634
-0.032280318406536,-0.029511458894690756,-0.0212537897542594,-0.029882740793782836
0.030791080205986532,0.020321204422961703,0.01892465871078719,0.02374404479999992
-0.02866947328700853,-0.021247316918452164,-0.021924414667726544,-0.031020291215666185
0.016967086975309353,0.019037375344664653,0.0047130396045123035,0.030881036975438203
-0.0009559273148386227,0.0035744283986891556,0.017558128143390972,-0.001608441369469471
0.017395957034506138,0.024836019265746634,0.019711574304151824,0.030120249615150918
0.06352053991814754,0.02590254785118362,0.035592124296349725,0.04754991136750397
-0.026527416489485645,0.006594320283532573,0.0016123761888555688,0.00020333262657090678
0.0007432582813375888,-0.008974207867583295,-0.0022905553293292025,-0.023208079441611074
-0.003960707544397368,-0.005433172638652506,-0.005707642540018876,-0.0074501428039269735
-0.014000583766741959,0.0,0.008902401040416175,-0.0197504805759956
-0.02554178647777927,-0.024765675415434507,-0.024411771994269915,-0.020013958096060658
0.013191849982648662,0.002007185710688031,0.013892806822486836,0.0030555528810261023
-0.005446444592478561,0.0006988755061578811,0.02402416530275575,-0.009968884522045696
-0.00958325307136465,0.0004191319409394545,0.01382034935399945,-0.0026812876606009395
-0.006133826434960965,0.0062356018681977154,0.015891501652504525,0.008814972536803856
8.691990093612212e-5,-0.02844196370533525,-0.03080443519301279,0.0008238921431538149
0.01347230218754314,0.015089536145729943,0.008683052075614484,0.024723688362986218
-0.04631220109225431,-0.04956616625890531,-0.054629501002188,-0.03759506851223182
0.037050527953210954,0.01006508625638447,0.033376837528493075,0.015249235659806404
-0.05601804470936722,-0.0109905698078272,0.03430870830249355,-0.05445645836546642
-0.0008268286565953353,-0.0006915315488520424,0.0030968223897054337,-0.010430947431152804
0.01535353427456676,0.020263841491991785,0.01487057470945996,0.01462151862965655
0.04083658681059088,0.04824877210391043,0.059943875262999935,0.06322966315909384
0.03549367702288886,0.03188686222743775,0.00814125907649843,0.02494173089228391
-0.001135946735535076,0.0019258595130657863,-0.0009187067631170054,-0.00319993365924387
-0.01996810958267803,-0.02382441917928546,0.0007095217662091979,-0.05062255895214185
-0.0030088538711967594,-0.03379293420220986,-0.012824741626211167,-0.03458294348980373
0.03035254682101174,0.026254823521368653,0.007078838569759105,0.03372959495418715
-0.0023431688738074774,-0.005125921810892886,-0.0016374757178877486,-0.008640933639193604
0.0004193951576856314,0.004966666164087696,0.015532860679817517,0.005957649808626897
0.008720482343597125,0.0033255155700668837,0.002453568388731009,0.000719046510882615
-0.007564411201236965,-0.012751458859973974,-0.006304101314711152,0.001469221342390803
-0.011391263279334929,-0.013183685820129298,-0.013202304889415983,-0.00963120970924114
0.005168202160851232,0.006348235298960114,0.009812363656981349,0.0037224953379690895
-0.010957599704538579,-0.009556482613920725,-0.012319175612490074,-0.005652815903046116
-0.029742564212572264,-0.0013309048846330551,-0.00420735984734244,-0.00032590823820144443
0.011594176327378358,0.017847788795286368,0.01960969851675398,0.006348490872630119
0.007467253698692611,4.6709722665738695e-5,0.0014416240785131151,0.021490888565325772
0.0048262050272309676,0.006359049941281114,0.012283826774396989,0.0032244441682391933
0.021099720370653774,-0.005389549425692697,-0.01809620843301596,-0.008543723153639049
0.030827267933507763,0.009996770888493378,0.02121830521650092,0.016426592561875175
0.002933599540162257,-0.0038850920531525723,0.016600856644245043,-0.005139623924121373
-0.0011375059066817128,-0.005246828100319623,-0.000645510004600891,-0.005244190068383281
-0.005612549083599094,0.0005601667561097035,0.0006678125799326473,-0.007578326277051017
0.01227006464506819,-0.00032670726492123325,-0.004655375678321416,-0.0014482100240715834
0.005090895256184114,0.008026557496000342,-0.0005111460473449236,0.0061083472872076605
-0.02090372347813063,-0.019489913169190687,-0.018927178662718758,-0.02300384890263274
0.011988842550324286,-0.006043379294033202,-0.004932320120136446,-0.0008731009206126572
-0.00673478441754316,0.013015388830200258,0.0036274832593943263,0.004813854203605361
-0.005146690407662025,0.004407821735584738,-0.012184546690262366,0.01301169940516167
0.05009022602151836,-0.00032695132559057427,0.004380509854902792,0.0025816020608875334
-0.0005472586067354346,0.024050944717731504,-0.002698247065998305,0.023961221513773
0.006963431577386547,0.000638476162079904,-0.008565002641746977,-0.001505745174127493
-0.015850850604223865,-0.0037825904587376336,-0.009663001647565728,-0.010639396982525806
0.012395363589831065,0.01829892630150387,0.004829538879954853,0.0014149079027401257
0.028464480153062466,0.006064986833241415,-0.0091239358876819,0.00010603272033260502
-0.006976069397334195,-0.01303924129795575,0.005152306173984211,-0.006627122073098013
0.007712309997153444,0.007827347374973925,0.003734677020006849,-0.00394941706167673
0.03576586272816473,0.009921351184411842,0.02141645414209803,0.03507113389315197
-0.013314890451118666,-0.003600561060116747,-0.009779910132253766,0.011583624789383906
-0.008526738196794281,-0.011019453019672776,-0.010917019568220665,-0.010882058607511458
-0.007702658100444348,0.003338121982590314,0.007105454541608047,-0.008801369722936103
-0.02471919930401323,-0.021266006250553415,-0.013494063212227791,-0.02158474431292179
0.012363604317256582,0.0009646348050844633,0.007336885825919293,0.010004362163245073
-0.03366146708547113,-0.025929265463150553,-0.003233864927368546,-0.024896618781508728
0.0341231228302179,0.028457014202785125,0.029943120863609396,0.007577131861260966
0.008631509689657646,0.006092939371703299,0.011167928006671879,0.006495515641264049
-0.023248971553993636,-0.00969865786665658,-0.022404679779483683,-0.021519465281662264
-0.001395581709659477,-0.011770616783181143,-0.01141663660813974,0.0021257976220550034
0.016226886315516387,0.006560290588072615,0.004494597973085046,0.014438408642869938
-0.015127405718212361,-0.015346342199919816,-0.00810531226510125,-0.012135545206420573
-0.013730403568413263,-0.00173694738573682,-0.0022928776692224817,-0.007424601757183846
0.005427077923118695,0.01782279558711619,0.03148845387916177,0.005318515144792535
0.03285621302220365,0.03649966086596357,0.05362788887604708,0.045700484972909905
0.03665825739087314,0.0028083254527648815,0.00230535797015885,0.013363426385033073
0.01607372835520815,0.004356004741907338,0.005181736946463955,-0.00446331550207324
0.027683757386059327,0.015844329295435777,-0.0008679098575610222,0.0005376355974555658
0.001679278640785098,0.012198896572620077,0.009392429089265741,0.009754134968199102
-0.0076836405765075,0.002453369117195736,-0.04509089107258346,-0.028125809367779198
-0.03498540955329077,0.02589092904184276,0.017653636440672082,0.0015591199792008847
-0.03742047836052298,-0.029171631833423306,-0.01469047958112013,-0.009704653598099577
0.016520161914683307,0.03315217345883448,0.035740288851135116,0.042629898853844495
0.0063366430058982015,-0.0005842698719223938,0.013758719239236994,0.01110421572603637
-0.00777831568649201,0.014571544564450756,0.07396068195918315,-0.019961568047337286
0.025757593472527818,-0.004074158814295847,-0.0037197002281140756,0.005575847028580716
-0.003097977950203834,0.0007851438454318238,0.017276259836983776,0.006349414475843584
0.001096985830934205,0.0011147327747855762,-0.002426139133915428,-0.008713780811882232
-0.006573700514525771,0.005361541707270545,-0.004491363699346773,-0.005398851521865922
-0.004558481604874598,-0.003897121641229795,0.005697097740803736,-0.005573403933434196
-0.001920559671344968,0.006877535809471702,0.00024344033760281825,-0.007439277529811439
0.0017762804719765324,0.002044965079016192,0.0039219233085339145,0.004775971352117825
-0.016104094505991373,-0.005265555787369647,0.00845490983750663,-0.002672615974843695
-0.01764385208815189,0.004359618044136093,0.003020839784901863,0.012141587119459896
-0.008636605124180297,-0.0016789230615622541,-0.005220066772793519,0.005920813135030123
0.001233513126815744,-0.011567210319632593,-0.007585509091389442,-0.023535056312424696
-0.02979900073524233,-0.026808461524545302,-0.017257260508650174,-0.021280606211902087
-0.0011111360825403205,-0.00528752643030217,0.002896013243500306,0.0043260561191535984
-0.004052043678207884,0.005487191552869142,0.011739084358566965,-0.01094697094580166
-0.03478266769122407,-0.023704998817797085,-0.030455743738749153,-0.032400382130251204
0.002231596081976317,0.014804257070150095,0.002707555502643011,0.011700388442863474
0.05385119891026724,0.019622936953740178,0.021920975974372814,0.017203797046813296
-0.020893636082640055,-0.012956835115519594,-0.002723984030823856,-0.01640426608587109
-0.02445650381686948,-0.02698080010051651,-0.023667498458455394,-0.028931701880856253
-0.015812014313850153,-0.003647460520965873,0.01104247738327202,-0.00912815973377712
0.010738404783925848,0.02147936384868676,0.02901291849577947,0.0076874837275020536
-0.041673451268391615,-0.0181779559578219,-0.040013449305899784,-0.016167461528147853
0.040649592527332246,0.02810153782764724,0.01409464564361107,0.03756837242992961
-0.009166557445075219,-0.005817394833423473,0.0011351000899284536,-0.001701017004410832
0.01650266126293687,0.020265027260871538,0.029070134380418722,0.018298425758469294
-0.00762550604822676,-0.0058195979799690045,-0.02499091556081512,-0.007740267466422646
0.024456826045393454,-0.003987338167557808,0.002216380827419151,-0.0025279446925943194
0.012742963478822977,0.012350449744546133,0.012596218587109353,0.003303405934425463
-0.006450588499166243,-0.002818552058318158,-0.0006881463564327728,0.014188850540595377
-0.03390517744055388,-0.02666215667221905,-0.026235284864899566,-0.03435878110907997
-0.004480142440523971,-0.0016036264391643407,0.003427989218099947,0.01551190662405455
0.028335674637312458,0.024484416311802093,-0.0022563331144740406,0.011678213624384037
-0.0068886546210833455,0.006737591745974658,0.0070490488145940056,0.008560286828566577
-0.019993627651048285,-0.00892335661289112,-0.0038481508500461947,-0.016073306772908413
0.004163610444913202,-0.01325056666528801,-0.00034224913385916267,-0.013219628968568875
0.00514138086287641,0.01781865991767395,-0.004309475741856139,0.001894106165748033
0.0014850499294760677,-0.005243679381769839,0.010021910934024048,0.007765310250781754
-0.012274571669155465,-0.014410731426352297,-0.00019943091807261837,-0.006645596373189955
0.01876581131214894,0.016907562646436114,0.006368185488971223,0.012696006276222693
0.00695858391393922,0.027908560130541993,0.03341335956415503,0.02162845245205225
0.023577160302502564,0.027728527176017703,0.0410712115374916,0.02079404579321631
0.0024623964604375548,-0.004858142985906255,-0.0003593988132155612,-0.0009018913773152226
0.013390323622054945,0.00823045857621163,0.011205735173685172,0.017237340195321416
0.019233788806879426,0.013405329825566081,0.007005458491825767,0.006071238932499723
0.02025158317197384,0.010266537655138741,0.009022494287489469,0.02209562688074751
-0.013232984024934669,0.000234444483452112,-0.013600862806454117,0.002132121451087432
0.024306507976279423,0.010081634541443396,0.00553489228646753,0.00609874570379576
-0.0178531427265487,-0.011218920908328434,-0.005482417035048703,-0.019705917647058868
0.018707923056530795,0.015297899877761534,0.018546797605509813,0.013828407338556614
-0.0025279549308365734,0.00477839684087078,0.00047895639755135555,0.006022343364898264
0.005068715846363814,-0.007670349825416922,0.0020193840958149245,-0.008069011366578116
-0.012830256087169811,-0.0018552251023873367,-0.0038090686985127187,-0.011067565436670646
0.0029299614192481727,0.00898308209652754,-0.00014828895292740008,0.008195670509624664
-0.011685373040404068,-0.013085980358613414,-0.011062648275516285,-0.015758395437961648
0.018038641434328317,0.015476209747100844,0.020891344636800424,0.009622186727804571
0.002977936461926456,0.0015316138734842166,0.004941035761594881,0.02038978279771375
-0.0024496628039708535,0.0016057141001832864,-0.008432356145204878,0.0024729187880245806
-0.006027230283214613,-0.02828568837488532,0.031550122276688075,0.012017784872803805
-0.0007485877243318395,-0.008053168481188644,0.02100079432416191,0.0037039351677790044
-0.015133326285896476,-0.001306821355872012,-0.008136187301780673,-0.0011206374151324638
0.008215428640630185,-0.0012688859643902317,-0.006202994196214062,-0.023340171962552336
-0.03538550718830913,-0.01615980007512896,-0.01708435741166059,-0.022034538145642046
0.0019553843640125468,-0.005327036184746392,0.0010576276766252057,-0.012479432617363506
0.012802645570901827,0.013226641754950252,0.010442382451053334,0.010955402329204444
0.005327294985881137,0.010931909197557488,0.00728162615192951,-0.004464061876875314
-0.02580460411367791,-0.02091423899363376,-0.023775493727401287,-0.03072052185038554
-0.007410283227036962,-0.0038433432762368103,-0.014049827899865863,0.010474816953828903
-0.024938419980913284,-0.02936281579616018,-0.030180719340920037,-0.022323799915600517
0.017919654377696492,0.016861937811968764,0.010222957460689797,0.0030235474025519515
0.01984477785664307,0.021067391116247558,0.023956957237533105,0.019430846796827606
-0.00925853132386567,-0.011968650871034492,0.0022667173448009947,0.014735157411395639
-0.01124578488444894,-0.00856514195978375,-0.007745309762291597,-0.011653062713296691
-0.0012814540255338125,0.0024741196889992434,0.0022922337358439737,-0.0001485143632175001
0.021012038379030873,0.013820220006482531,0.020522248177361035,0.004913713841542489
-0.01476712670032232,-0.005314806637438774,-0.004664507841326215,-0.013732855200028538
0.013314273900718598,0.022882161964388636,0.026254804304843393,0.013084212123396943
-0.0015736037290809968,0.0037482784459910157,0.0009971869513580867,0.004332851671847493
-0.00039405072607090474,-0.0009136818969471827,0.010153287452446813,0.0018747610615041932
-0.012376754037154547,-0.00866832374333193,-0.012746865873802471,-0.010734561509624263
-0.00534807028384765,0.001484031777950312,0.003766885340185544,-0.002179430516335401
-0.002648236853515784,-0.009131692293356863,0.007567698728598193,-0.001371412944092265
0.006276132962536041,-0.00040409362569127083,-0.003510546063185571,0.004765961032294985
-0.012154111768347242,-0.00642954200694279,-0.006884821080961667,-0.01452694103376062
0.019022138073730543,0.020674783515489903,0.01960815283649464,0.006027662518573562
7.940722943211576e-5,0.012041956325651304,0.005844781035128532,-0.0025606975640879437
0.006671949449240655,-0.0048855024439254935,0.006796224147445296,0.020669154017701308
0.003077216917764636,0.004038553803864309,0.0034436070895365045,0.0052203508699046886
-0.008023308743250412,0.014393288222401157,0.012121714698563046,0.02087684564487602
0.009832697354915432,0.002526827901682349,-0.0030417115634244762,-0.0008418252753787936
0.024577934021112746,0.007755242905899129,0.005214894482784338,0.01106712873094895
-0.0064376943514151685,-0.005887205054299516,-0.002524692981306864,-0.0002187022589881238
0.003933921113086436,-0.003793150542307,-0.0026698881087465764,0.00949418471631347
0.012600817419083254,0.013676238566237675,0.005366092006553247,0.021664645721361175
-0.01009163579782224,-0.005634267655954872,-0.006358302041476249,-0.0006706617829443928
0.014103717096841661,0.012334730470181299,0.007067951669053274,-0.009446803696998352
0.012698389305624724,0.010966090235132064,0.004305832046090252,0.014904660330804731
-0.0020896899747979703,-0.0009040237395396833,-0.004236190039683341,-0.00046219018789905864
-0.002169000339931726,0.0053530461439847965,0.006488108926620217,-0.015622943494458363
-0.002248940764171592,-0.006262026334495574,-0.0022547964716895796,-0.013806563309826325
0.012546078172355646,0.01396133858524995,-0.001381936264059136,0.012474090684283512
0.01150026812311844,0.009973153028153048,-0.006316086837873103,0.0012340347401562646
0.004621234513676908,-0.0018423110291906353,-0.005574570356141617,-0.0023143028103765895
0.0022633505752163163,0.0025839057126673115,0.008398751821016459,-0.002090001676433695
0.01959638952569298,0.02227549686974717,0.018600315743243057,0.02272374662594623
0.014718596520657101,3.598019286021881e-5,0.008172857534918254,0.04692710973977898
0.01795522336758726,0.008175506026667279,0.002361875992690887,0.00566956304304056
-0.00919974926810374,-0.008966667697075104,-0.006922773015492822,0.009422228368443974
0.013054894134644224,0.0018745754195383935,0.0030771034614969217,-0.003234707592780328
-0.004203524698632166,-0.0022307052968398855,0.007636549270542137,-0.00021234950857818014
0.007889317247162131,0.013197801819840205,0.003297325575860377,-0.011076946361432638
0.02410017008224652,0.005445264980298292,0.008305668878161532,0.0011747775833701457
-0.004491908240931486,-0.005238864820869438,-0.006178024910854285,-0.013711142739184279
-0.014076047075130549,-0.0009963963949518595,0.004410950410460801,-0.01585423568907518
-0.026914322001036717,-0.013321322182822892,-0.019655634069587813,-0.006727030945111179
0.02597389127826677,0.008338938502333137,0.014293584945821225,0.0066486154933933506
-0.00513171459363293,0.0074466338355956285,0.011433835528702252,0.003361114298428003
0.009628542597985401,0.016844460934533068,0.005490266122236465,0.014735635800949165
0.011989203200402088,0.012336601130360503,0.03365737856539086,0.0051153837347306386
0.0028946082273886287,-0.0021404789422603265,0.013267741623660845,0.011808632997458712
-0.014900457617620155,-0.008683542214692475,-0.020394694954726456,-0.019846873953547006
-0.012195928885266438,-0.0011166883158012508,-0.0030336596199608268,0.0010837333859021747
0.0045525230980296705,0.0009781134289377214,0.0011658252768886879,-0.008373939210628123
0.0015104576423883298,-0.005549666592819857,-0.009663828893196391,-0.07564890802407931
-0.0023311155251833915,-0.00031588579750230217,0.005683355690192293,0.0011690382458833248
0.01264452858023235,0.00807531400611361,0.00213617224659024,0.010433746850236236
-0.002782394458335946,-0.00212448457778891,-0.0018454358808734916,-0.0034222397315042397
0.0007485443145986981,0.01050567725257201,0.006700794171056845,0.006340368500041382
-0.004767138848122077,-0.0002072361466097794,0.000700985822973843,-0.00919733766983899
-0.0003421832207420872,-0.0039040211091777577,0.007049271981423466,-0.0009177324885134563
-0.0033540244193935864,-0.006554904897575153,0.0006847581968720817,-0.006340814944657325
0.0017857751379517506,0.0017805630162956998,-0.002947200029266406,-0.008603647601159614
0.020773282489387368,0.00996683684184596,0.0050838807976199,0.0034598115096993176
0.0014104520486251104,0.010489670277043395,0.00011930096197465545,-0.002884825133013691
0.013547948422047318,0.005975854309540285,0.0036847678416498386,0.0015239422153334736
-0.006153958438122498,-0.0051598175374756305,-0.011629279564628892,-0.017287024944053653
-0.025501110442271102,-0.006118971372870985,-0.005320446486042574,-0.012566483929688288
0.0023230294055767153,0.020775083967167873,0.0025151276443882153,-0.004207820636887738
0.010156726228604418,0.025575421048109837,0.011127449245362131,0.0038271571577537244
0.0102573469204299,0.000952837614305091,0.0192326262265905,0.020600353388025905
-0.0006014275269047298,-0.006663325386373153,0.009206240790231579,0.012220314729852078
-0.00842131553079295,-0.002015683773803567,0.0038729200368889938,-0.001996509132510371
-0.005526983508581829,-0.009668667031641931,-0.005785211733862483,0.00509825471783909
0.007184482953047411,0.0021064517207036726,0.01708031763275275,0.010141754943152836
0.030417016132499475,0.012912058654832803,0.006357577147757532,0.02147699818271276
-0.008424630411241751,-0.005632504773613878,-5.1502205637543597e-5,0.014385202779360284
0.004478780750917899,-0.00016574987654527362,0.0026122903873606607,0.002365409536001728
0.0074748431644928726,-0.0022530098248230157,-0.011128488745645537,-0.004564478377082182
0.004230393943712718,-3.300532562378056e-5,0.0038552480819549206,0.004311083497733348
0.015489377730550924,-0.003187987060601194,0.005139029741558998,0.008982027492003386
-0.010083612315197277,9.995402585083468e-5,-0.004367113662829936,0.004619173863284143
-0.0067049526871034715,-0.009859694964823085,0.00020705601539905416,-0.011726002384660483
-0.03310182281911622,-0.005180862624765803,-0.020650201957032266,-0.0043080055459912
0.00389339419868473,0.004328493417504742,0.01087922820163234,-0.003453289631101808
-0.009562096136371045,0.009427992849164513,-0.00041118043874632804,-0.0020739795244671955
0.006143720785125595,0.016778399442906267,0.012551691872654258,0.007475391304347712
-0.0016105176672798205,0.00131231662168374,-0.005733158646329728,0.003581907894840919
-0.01834797193279669,-0.017528561075706772,-0.020156080577249824,-0.0073733228096692915
-0.021361097669173934,-0.018574632583404083,-0.017294234786399132,-0.030841744071414934
0.003428050353460499,0.0016989561299685096,0.004528237618826925,-0.003605748994142899
0.016872301024730696,0.01282232719751919,0.009251982684850502,0.010892347342995157
0.006719404286603448,0.0032822069507905116,0.006300627265762193,0.010635943129410075
0.0006128065270547545,-0.0007011161781539377,0.00568644050659417,0.002786873487349961
-0.01054987853188405,-0.01730400626665962,-0.007936375395213635,-0.005756836884579064
-0.023801232308101494,-0.03620368353738568,-0.03757571138698668,-0.02637846723030879
0.006482857721030744,0.0016930009928466383,-0.012211492735791696,-0.004475349413735841
-0.009311749587350926,-0.0073239026948591635,-0.00933306351671681,-0.004871080118262872
0.008127167017892623,0.025468308327347033,0.02398963668789822,-0.0005418807718743368
-0.024605621695541147,-0.020719673880592482,-0.01976729957756751,-0.028471678580618387
0.014158346924832976,0.01995706945488962,0.01803164518395417,0.009787540329270872
0.006307238867052201,0.01506420594442237,0.008643177502174915,0.012732014665035374
0.009084473099894463,0.005936574566300701,0.01333413622219548,0.01239120710449848
-0.00272190181218257,0.0,0.006254236208123709,-0.004181805367012625
-0.0006297724874846367,-0.0021028268582004017,-0.008628662820586275,-0.012868607501018814
-0.009102997766293863,-0.004588204000061213,-0.015373031120530567,0.00031727812811777056
-0.0042400429768166825,0.011711200416212764,0.00868240054747682,0.011378603274821986
0.020225807873847534,0.021734074377432355,0.025467796612086868,0.004743754955614188
0.007512472656218794,0.00482236388174373,0.0018598138377263762,0.033080240569727026
0.011806122237435046,0.010124565032386013,0.009073527247428492,0.011064774954332224
0.015080232002872451,0.0030589904547875246,0.006026217242742327,-0.000751446268017486
0.003361072357886963,-0.002660290657326425,-0.009783016098384723,-0.008446194075259372
0.0014739847264135797,0.01089748980252403,0.00256650646326273,0.005841759529551238
-0.005284995600551845,-0.005148634631434668,-0.029104127957191306,-0.028954837885075357
-0.0003362133943634049,-0.003331636345643929,0.001067592425608721,-0.004550985703730692
0.004574799090548476,0.006425682037694225,0.006478220060033957,0.016775257580640357
-0.0031475753594166767,0.04211422157575573,0.04836694645384054,0.004863637392535702
0.024991553707647274,0.003651318190125208,-0.0020385992372129458,0.015941152744825215
-0.018155681729494,0.02241408158353675,0.01465482573144028,-0.021511240862263303
-0.005607327657665362,-0.006784814725127153,-0.030326269974700892,-0.016107103206633666
0.00711589341626695,0.011415697971582484,0.014529782651525602,-0.0016154075468818307
0.009798689184143061,0.002611556087710687,0.0063551822978666905,0.02150781112081157
-0.00349862954068636,0.0073054933811464995,0.012896015329873167,0.027482323182310697
0.0035823630073223978,-0.0011296173644018692,0.003752937482785157,0.012076427538345813
-0.0055525756360972345,0.00276744453649469,0.0007404399744128654,-0.008527947278597625
0.0024594106697528595,-0.00308608428305035,-0.0006896214588429928,0.025007239221570776
-0.01916313077138443,-0.015329788147603218,-0.017571351887243458,-0.026334996263355448
-0.0003380955556948617,0.004927518907864137,0.0008320079261245894,-0.0027425971436262353
0.014336942218496684,0.01290504998216302,0.019744677816769807,0.01516202735781147
6.660557217164076e-5,-0.0019303588729320253,-0.0017206866363825846,0.005823808684642273
0.006666774399532782,0.010235988331319223,-0.0020884943904463382,-0.0014044866102608244
0.016490054634485718,0.0006785287130695039,-9.396549158924294e-5,0.002344129638904624
0.02853598229168619,0.006339950835795305,0.011049120796691847,0.04143700830831798
0.016976123163828793,0.0053915569842084565,-0.005019613958025193,-0.00527311803184316
0.0029273421504758534,-0.009559585206624033,-0.019166022701628926,-0.028287299468125027
0.0024220856001844204,-0.0063266102781932565,-0.0021859210345800406,0.002090959799504466
0.0032835706744083204,0.0006811419594214829,-0.0002691864709911673,0.0001033172819482342
-0.03167837937846418,-0.024355678015464566,-0.02666007140702409,-0.02118470313898646
0.021873592103183404,0.021081112119998968,0.02316427881181471,0.01626742899994471
0.031577672769819376,-0.01794263948751984,-0.02506263636698247,-0.015302273481562212
-0.0032062983326843764,-0.0015426766995185748,-0.005854603820363513,-0.0180634831925226
-0.006129794282181966,-0.0017874815111804665,0.015241770544472288,-0.0018468922604946147
-0.011724513668762038,-0.019666633507580134,-0.00873586404120752,-0.013839074495288872
0.021502869121109436,0.009844814783307454,0.008953105431651842,0.011086220549518355
0.035446185072379066,0.026763568236147783,0.02948615005870714,0.027986502770345645
0.022783119507083116,0.0001493090951676379,0.0046205226725877235,-3.689733070799672e-5
-0.0029700475153231487,-0.005582551868300478,-0.004131925184089558,-0.011279646360663476
0.028013346499645042,0.028339835637696265,0.0038418429265154597,-0.011247560981806348
-0.02067431462265268,-0.009166845402231005,-0.01325377474517353,-0.015356078019322261
-0.008023219483674238,-0.032586954484418174,-0.011819630779146273,-0.0028071298212473117
0.028509087768956887,0.019217891501899675,0.01654126127242228,0.024977570280924732
-0.03926387750218552,-0.029134902458216483,-0.017167841160085073,-0.025641173289776664
-0.006501640235174411,-0.0033857695717280922,-0.014053632051880927,0.0067892058815401946
-0.008122123554412997,-0.012013483324055496,-0.0028114886722895305,-0.017283555901203673
0.019086929826851673,0.02306897854239076,0.012773741401117977,0.01997864543056438
0.015318826472003444,0.018057490890553973,0.018918946373124967,0.003638111071860184
0.0036438023576126355,0.0044716609920270045,0.0013167629137740278,0.00018413559316177164
0.02297489945845199,0.023185718105578124,0.006262588901743582,-0.008178022397659745
-0.005767325927194311,-0.003504218088298594,-0.010914179372236932,0.005843713980524301
0.0005020746662083297,0.002051396587564147,0.00038582295949174394,-0.008554919066304567
-0.006578234897745561,-0.007691231567437895,-0.0034265090599503445,-0.0032890053063752145
-0.003535394291572014,-0.008841221832752932,-0.009061474850615814,-0.011429403203606303
0.025004248798560003,-0.004668281146630093,0.0027300964482155354,0.0221183209306286
-0.01269158584539476,-0.017146997605430148,-0.004535525069868651,-0.01691558664576298
-0.02659996336488657,-0.03838794525942013,-0.046829834628873135,-0.018893088330611763
-0.016693302657024622,-0.007901864433091488,-0.0007446813758165138,-0.006710983003796245
0.0009884455056861086,0.000509763644834127,-0.00397302833032942,-0.004287778606193782
0.0001161375394373998,0.0007323201361519871,0.011455857205742381,-0.006570179715231883
0.01678373660039334,0.002259177449793537,0.010416794982579969,0.024002131404685434
0.002570284934218181,0.01044511762705902,0.011644922789723733,-0.0009373314304375047
-0.01902806999191753,-0.042322574239334276,-0.017769386711050883,-0.02416965368192847
0.005110717954438293,0.017716676312834245,0.004711401586520614,0.0057314809591140214
-0.018894212909365105,-0.02433928132767882,-0.02500958264932296,-0.019862734214064592
-0.02102469984521005,0.00224685982035866,-0.00468487542458651,-0.016477103314036734
-0.010347164403088471,-0.005703292293376627,-0.0158161553881484,-0.029632308066777302
-0.012765048342464946,-0.0184681685417597,-0.025575571226869043,-0.05950181309777813
-0.00486441500573731,0.0011484505940493328,0.002152315367290658,0.013326983682095062
-0.011384703583756095,-0.026588415993063608,-0.027893237561435247,-0.03153374620044769
-0.0005631858656768296,0.028493241197479424,0.019761693126906676,-0.00795432445840727
-0.002943201572720766,0.010549012265411495,-0.0009207907412259742,0.0055086428991864
0.06977771693723533,0.028081683653862655,0.03228369463861491,0.03108405760094657
0.02612572132956137,0.008823680965517777,0.018073418458565138,0.03886361191703491
-0.0009727177688847455,-0.007138649843808076,0.016064967319978196,0.010830761988844806
0.007044257818747068,0.015222088809548673,0.07367359988715871,-0.00384271818251547
-0.01671976157248023,-0.03895232172912144,-0.036382932833341264,-0.07812763061244654
-0.0016792975800113963,0.015568534038502557,0.0025622693764606463,0.13535901648382498
-0.004234596482228348,-0.01631049545763319,-0.028514304895355558,0.0018777337374891179
0.018466774000258424,0.0119953861661104,0.001979249680310602,0.022021628943324156
0.00829366558030653,0.021834806219375835,0.01609049476896174,-0.0013877340047484532
-0.023598804955404784,-0.028373095523048786,-0.020151640046835784,-0.013561708508071146
-0.02021838094867312,-0.02427420551937365,-0.032268452775954026,-0.03591110394089836
0.0014231708259562215,-0.00013544741931570403,0.008722865551223924,0.012221679088382675
0.02315245036484348,0.018542425870186063,0.008318580746816462,0.008658354800901824
-0.0013889027135182141,-0.0011672599492731361,0.007784438726696319,0.010159037382910796
-0.02126918223166796,-0.029282103001955884,-0.03766888544044622,-0.02180890086276377
-0.009355799375470042,-0.009631001570915787,-0.013914472404804368,-0.013261958604276258
-0.01781228624403508,-0.0007293709383922042,-0.008162975516224136,-0.015753488558412077
-0.02586411655336307,-0.025893179881737116,-0.014045300949991124,-0.035756248797624735
0.016680196853568807,0.05109360781871852,0.03988316055871133,0.0450952252023511
0.012965416763682569,0.00923311742773314,0.013913924870538441,0.016057928671653565
0.0016378287597853536,0.004978025082698734,0.0027617185407193823,-0.0014662605001838358
-0.011627980988994202,-0.01285185374750386,-0.0053599348202652,-0.015765555094246597
0.02058834330114312,0.01776567188388234,0.004348995321902249,0.006024182636516384
-0.0019813415238729704,-0.01422426596290971,-0.003291213949054961,-0.02731954991468255
-0.018408216300025648,-0.02047860659522016,-0.01627605962620282,-0.015263799262763222
-0.023717509409152848,-0.03777679641549314,-0.042820228704692376,-0.0562204507156453
-0.01167614548001139,-0.010971258675093187,0.006436612646236739,-0.010465446142344237
0.03499741182536442,0.045858136010590966,0.05175653268014946,0.02400119910748333
-0.027186120407289516,-0.010086569894833919,-0.008844591057727613,0.054125156133544294
-0.023908746397734437,-0.01932842716461558,-0.016630084590143368,-0.008806844933102576
-0.026562428127828608,-0.012961037876906834,-0.028622210083373956,-0.025229489526664373
0.02967729648284645,0.038742565907112114,0.023035245651413128,0.03886773009103228
0.02901542425049808,0.025213335017700178,0.031081160279590847,0.03893356333404441
0.006454081250644617,0.0028194117511060046,0.006806676309535353,0.027007745662876337
0.020918854099365003,0.01764777056564193,0.01635212423514587,0.025512156977749223
0.008537750035573888,-0.004227300630198494,-0.002361070636814344,0.001494550367420855
0.020800595191352134,0.016379215411855386,0.027835856929846248,0.021038302195234282
0.008233600701957,-0.015029894512522457,-0.012646376294028094,-0.00898181763577588
0.02267791775276229,0.015392911929377417,0.02027748123090678,0.0014779018934842902
0.003734048576023774,-0.0013811757098693977,0.0014825634477628746,0.006868294487854865
0.005036704275766635,0.02311646427053815,0.0030277872973363262,0.02559267737586879
0.019134317183816085,0.015159367921280031,0.00915817560742882,0.0019202736930279407
-0.006649497670406235,-0.0049143310739933055,-0.00422686910994774,-0.017801181019978296
-0.017775771217192093,-0.017683093750075818,-0.020996217723107224,-0.019864565452539784
-0.0017181356109295942,0.0036003636868948696,0.007522339534806521,0.0034509732167791185
0.023693445747585695,0.017936734684933953,0.020913326671925914,0.029264484339257546
-0.018941954153805618,-0.012985318770449616,-0.0179577629467913,-0.025492089686903308
-0.018450768233919557,-0.03660573000825573,-0.027555127069320062,-0.032300120240777996
0.0018039987412155067,0.006243708877920362,-0.005183115311100828,-0.006119434971643911
-0.011908853518223128,-0.014600043801201279,-0.017986282724106073,-0.021066739762143905
-0.025515905869544664,-0.03943151154943891,-0.03144532751456541,-0.02161394730736821
0.011523400691584529,-0.011217902592528195,-0.010955596381517108,-0.0022133641248803793
0.0163425556445711,0.01971203987593917,0.014890021457221625,0.03152445534844239
-0.029988278893062992,-0.027084336599772163,-0.023279532078639864,-0.02465268321535785
-0.001330924154790858,0.002465827643245433,0.005563727465187185,0.007109168172276581
0.01411509923708798,0.017039773934943714,0.020084299279345075,0.03488882979641139
-0.001015501017055609,0.003715391278532376,-0.017509303498357998,-0.02604104693244058
-0.004843648379839527,-0.019381145314719572,-0.025794269785639812,-0.037026428674226675
-0.027821156857154694,-0.024144406645478567,-0.042609320660330186,-0.026608936633188418
0.006737177564561936,0.02441335361976682,0.030397796752851702,0.011943186202569178
-0.03732805913841841,-0.03740387937450629,-0.03037730628803248,-0.0457507754374229
-0.0014668047194272837,0.04810906679323623,-0.037533656156184314,-0.008781047178897605
0.0451554220133652,0.02263258918110167,0.03817579474963173,0.04653419176981943
-0.03660474671880065,-0.041812086953304295,-0.03722422075951004,-0.14049437864321146
0.0019663569701511285,0.02504333275835502,0.019053367885891737,0.0017580894701449967
0.009622729961743293,-0.009456199581752367,0.008300852843634576,-0.0019799036144578785
0.04100837998995277,0.02910077801542532,0.03763239463781365,0.013480465122021279
-0.055716178441084896,-0.04355476477434095,-0.047550472303907076,-0.075610360060122
0.004727094452893654,-0.009446520474331144,-0.009306437611516172,-0.014041243465448772
-0.03318918436891494,-0.036945527303285264,-0.02227221088458542,-0.052133551609780615
0.01611201780452065,0.018595596736957543,0.01326892398570978,0.0006434474014520575
-0.05184129275954408,-0.03320971869772016,-0.005441433908388138,-0.032032252436342
-0.026894227742519816,-0.019957712892079038,-0.007019910381796612,0.014790399445955282
0.03191647498897243,0.022596498556522793,0.029643604343096985,0.057275559630809214
-0.010672304650434672,0.0014552003432384275,-0.014787731723562958,-0.019853159966388034
0.025422580118691585,0.02034425000143658,0.016629979747022405,0.04113327670993927
-0.05641911901519259,-0.04552967709754907,-0.036850417518198175,-0.07156196882164534
-0.024641442739638753,-0.0036996615627621354,-0.014728534312608121,0.001927851503946254
0.0017472652365237984,-0.002291200496131851,-0.012935017792461201,0.0025345279027944034
0.04011921064512647,0.032031914445966425,0.02152984470173358,-0.000316048731323737
-0.019215992467057408,-0.003951592842540985,-0.05140747856904193,-0.0321411068748767
0.0011400182661474023,0.011170061736842873,-0.0008166361190838911,0.02569648464354435
0.02319942943346387,0.012875299380913141,0.023209652350965282,0.04029498402631737
0.04075679442127211,0.02760428338939147,0.0415805392919506,0.03663209053707628
-0.00534615530655147,-0.005013785898650647,0.010992978271332943,0.04397009896088888
-0.0008734367467316817,0.0020229996916374393,0.0008593551253575082,0.012266043558968986
0.016811268765295484,0.007928826944503697,0.031619903873240984,0.03145034731682639
-0.03855565572241826,-0.016607119904061607,-0.02702426363487065,-0.02518507501039635
0.005227646037706091,-0.0047033294828819905,0.021354831674308627,0.01994281193204439
0.017585889599180282,0.013953517977255636,0.0018716440297519288,-0.01434410598329916
-0.005043287702625632,-0.007669716695091311,7.249881642423794e-5,-0.014796747967479651
-0.03595577174439357,-0.0207832461974764,-0.019788805846131963,-0.04150848324806078
-0.03862866732154313,-0.04456362491654775,-0.030373840741866664,-0.055962116987307464
-0.03828486985619639,-0.04241281090938076,-0.04084265627143491,-0.05453719918764788
0.0066726542968493785,0.009205066934955042,0.0029706903864548106,-0.013118549495872656
0.02011155336029713,0.02973533213030266,0.0298197940183218,0.05238979674303201
-0.03965146455607016,-0.026970137964530294,-0.03401108698635058,-0.037243373961983406
0.01153305893097456,0.010940088694866512,0.011529867745791789,0.024696092043368978
0.03276079948604904,0.024591223494539127,0.03846918580575642,0.02315947069140023
-0.0038271383340934273,-0.002404075219460733,0.00016960228692219914,0.0024843301435406584
0.02157361793782364,0.022636474249439376,0.005806317880455492,0.03203308945478911
0.02451726612515759,0.034149908113328964,0.05194591888066391,0.03575237396384945
0.0,-0.010496820093313985,-0.016159408524533903,-0.02782069403933274
-0.029789606295690385,-0.03174906506362274,-0.034735964925052376,-0.05140433623560903
0.013023783958073132,0.014737969324546185,-0.002798248149889271,0.014152662678721395
-0.018027700782810463,-0.01317922531217075,-0.025691180466164587,-0.02488063762175252
0.01616434734108574,0.010707577527260925,-0.0026651763956235808,0.03154127701291087
0.018930442586034824,0.012597342806947465,0.04405900162210652,0.03596204884925247
0.009607308335145337,0.01278280586028302,0.011647510149116913,0.007312792951541747
0.023999473493025114,0.00822659866612474,0.035521002004791136,0.017493221070703724
0.004714609166497796,-0.0027569686524006043,0.0072293346520710955,-0.00679103401029757
-0.014757903865678546,-0.011768710038345676,-0.03034076242091499,-0.032802501014345675
0.006833749781578913,-0.04098146897952226,-0.014357707862067026,-0.022639812080536892
-0.0025366051958444213,-0.0037450003000402132,-0.023182573110481886,0.010803891129794074
0.020482462742172025,0.005381499975803505,-0.006658472252880188,0.002083288005737538
0.011450159129266613,0.010390391581917902,0.011907716943508229,0.026394342214435706
-0.02064329092028172,-0.009621372417759733,-0.025335373386458304,0.001849396692662264
0.02672195116749876,0.02076695215421709,0.04285323290498644,0.03911741316600881
0.013509932118222823,0.010557529463844917,0.000697906106319035,0.03857540003870574
0.015094173397726784,0.009799014634566783,0.0029642895282726567,0.015150281383488284
-0.008110831760005266,-0.016915909428482867,-0.058066758883286274,-0.017732480568060982
-0.0073982306730360214,-0.00587637813330677,-0.001384293084308874,-0.010455799876748939
-0.008826326264836148,-0.026774359749719645,-0.0255983460456366,-0.05225359957283815
0.03423472101557756,0.06685194730052268,0.07738994542128319,0.053653889968711566
0.0035717253303277907,0.028540574458419066,0.008714771280189604,0.010829114567007414
0.032793068216693255,0.015665144408986587,0.017889895030627212,0.10361463938186644
-0.006153456012973013,-0.00972428045433782,-0.00994509610721106,0.0032604817323560464
-0.00928738591730538,-0.011474352551420264,0.003636984664782128,-0.009084829079583634
0.03824771240701108,0.027836373391330715,0.024848981452131547,0.03995229457506588
-0.0019262557810050263,0.004177396962129931,0.0007577369991389471,0.021860686013168484
-0.001389032475069052,-0.002608853922403287,-0.0054681751795698785,-0.012414981504489941
-0.0029029995922710272,-0.00915481577818722,-0.0006767213612186573,-0.00987215177829237
0.00030328744778573835,0.0070633340652037635,-0.0054172930880083126,-0.011333490816053504
0.026194561316936316,0.024300351488026006,0.02680852765957442,0.035260828045261094
-0.004431576328540077,-0.007400749899368231,-0.006879419695326683,-0.014366829989952645
0.02142560919266412,0.017037237204490685,0.023618778167250998,0.020691154868395678
0.0063335035560661,0.005344027666450923,0.001875213993066227,-0.0025775687374942624
-0.0009238581797579304,-0.002589712043797543,-0.0030110270917406146,0.011174787527751917
0.008784626994074118,-0.0026361361585284238,-0.017876107780979478,-0.018510795817867076
-0.002291658511171746,-0.003947528396152977,0.004488040226063861,0.0014074383642179722
-0.015101866727598057,-0.013854012544018413,-0.022670842109293043,-0.02860159461837819
-0.023029366300621135,-0.029355212916761353,-0.025821223522996428,-0.03624390613452677
-0.0020290683642449903,-0.00471646444644469,-0.002607134787520504,0.0030025071085233446
0.0017939544769229876,-0.002351298637307875,-0.0006099154990829581,0.0013471636486741545
0.014922700500941355,0.011095387432979997,0.026155188129603824,0.02600893813133931
-0.03769925329470836,-0.03858708900296748,-0.054375481419935756,-0.04756700937913039
-0.013690197215810773,-0.010668003441650198,-0.008625399587814941,-0.007342309751433906
-0.015305495869826102,-0.008520943732871822,-0.003896973133839854,-0.008167016389314496
-0.010634969211881673,-0.005704072686222528,-0.006914766375588521,-0.015225658827799471
0.004706818440994631,-0.004092274432660581,0.012826394634422478,0.008282740592002957
-0.013611097143088724,-0.016666651689707712,-0.016915449563578933,-0.0024252699108120446
-0.0082151275042055,-0.010973982746028121,-0.01104156238498355,-0.010979538687482804
0.009253918392893912,0.01911153405725563,0.027912168926902625,0.026722662542838282
-0.009617850299275754,0.0016660583775591764,-0.009594541738019213,0.0026259732043860673
0.01883975053814413,0.022976954404868133,0.021568278588343537,0.026575233507728946
0.0385079633509553,0.008281037111583345,0.0008051887708462324,0.023861280892585546
-0.058679541153746406,-0.05497839613677247,-0.05863953539001876,-0.07057528187413598
0.009555395464258876,0.0009127187405706394,0.00531768123288745,0.013641405141145091
-0.018929901731117305,-0.027119165700106307,-0.018607735375241297,-0.017658529342858165
-0.01096014999541084,-0.002608199474117723,-0.0025987006237015997,-0.02177700365677071
0.025082940114458108,-0.0008989171999076451,0.0021229470845203213,0.009147616037785244
0.01566544577072615,-0.008465593677971617,-0.019451093297084165,-0.019813909198976076
-0.02026764258512337,-0.014435966357219665,-0.017872925112974003,-0.02987151927536591
-0.006375201623892823,0.008495497072552816,0.005599419946016981,-0.010376269526098714
-0.015123817758157077,-0.012698141135333074,-0.01392067216863857,-0.0300912033090307
0.0022602606914965406,-0.0019754581537950733,-0.0036301301528716134,0.01204080692600451
0.006566233161338975,-0.00437984002164471,-0.0072867322596240625,-0.00642638286710584
-0.012651548914455302,0.01971153048159513,0.027016027200164272,0.03146576238210774
-0.0491190616422601,-0.014809005252984453,-0.026305360855774507,-0.027201075718988554
-0.030039297586729297,-0.01936844631578949,-0.01977769476104374,-0.015679468231372784
0.03075253322907101,0.0336625641991215,0.032761320171371455,0.025486699115044198
0.025623089342711625,0.03381241102823784,0.031319243766790184,0.04496029629686649
0.002053305870500788,0.0012857280358862244,-0.0018553167911213864,-0.0011561566159437042
-0.006625690162255005,-0.009670963198285976,0.0001956270769358781,-0.005374072063846325
-0.03671867741890067,-0.05085290472049253,-0.026115004423220012,-0.04771408858568371
0.0023556428683171315,-0.02130295804937332,-0.008637149743898731,-0.007768854884232734
-0.010254963826448638,-0.01675025517993467,-0.006686212204297437,-0.012844189545952234
-0.004604979266224607,0.001508344767164882,0.0025497194528387723,0.0061492113550416505
0.033612903964519214,0.03760799557032124,0.014343804241796265,-0.003277263006602915
-0.03224001565703827,-0.024248663246058233,-0.025373573617225587,-0.05003107660207129
0.02912269731454331,0.03924571700425017,0.037044649104754024,0.06445274902801224
0.014956737168549061,-0.0003788868790421951,0.004961301894833348,0.018455031035635505
